,Ordem segundo o IDH,Bairro ou grupo de bairros,Esperança de vida ao nascer (em anos),Taxa de alfabetização de adultos (%),Taxa bruta de frequência escolar (%),Renda per capita (em R$ de 2000),Índice de Longevidade (IDH-L),Índice de Educação (IDH-E),Índice de Renda (IDH-R),Índice de Desenvolvimento Humano Municipal (IDH),Ano,Região
0,1,Gávea,75.11,97.25,100.64,1796.1,0.835,0.982,1.0,0.939,1991,Zona Sul
1,2,Jardim Botânico,73.67,97.81,95.24,1620.82,0.811,0.97,1.0,0.927,1991,Zona Sul
2,3,Ipanema,74.0,96.98,93.95,1606.88,0.817,0.96,1.0,0.925,1991,Zona Sul
3,4,Leblon,73.67,97.49,92.23,1589.11,0.811,0.957,1.0,0.923,1991,Zona Sul
4,5,Humaitá,72.8,97.93,102.67,1422.01,0.797,0.986,0.985,0.923,1991,Zona Sul
5,6,Flamengo,72.94,98.25,103.5,1297.93,0.799,0.988,0.969,0.919,1991,Zona Sul
6,7,Laranjeiras,73.67,98.01,101.66,1212.77,0.811,0.987,0.958,0.919,1991,Zona Sul
7,8,Joá. Barra da Tijuca,72.9,96.86,91.83,1782.9,0.798,0.952,1.0,0.917,1991,Zona Oeste
8,9,Lagoa,72.94,97.24,89.04,2277.53,0.799,0.945,1.0,0.915,1991,Zona Sul
9,10,Botafogo. Urca,74.09,96.82,95.29,1129.88,0.818,0.963,0.946,0.909,1991,Zona Sul
10,11,Jardim Guanabara,75.39,97.89,95.98,909.0,0.84,0.973,0.91,0.907,1991,Ilha do Governador
11,12,Leme,72.59,97.16,89.66,1307.33,0.793,0.947,0.971,0.903,1991,Zona Sul
12,13,Copacabana,72.38,97.56,91.05,1250.6,0.79,0.954,0.963,0.902,1991,Zona Sul
13,14,Maracanã,74.17,97.94,100.26,843.6,0.82,0.986,0.897,0.901,1991,Zona Norte
14,15,Méier,73.67,98.2,100.03,658.31,0.811,0.988,0.856,0.885,1991,Zona Norte
15,16,Glória,72.23,98.02,88.74,918.9,0.787,0.949,0.912,0.883,1991,Zona Sul
16,17,Grajaú,71.76,96.89,97.57,787.77,0.779,0.971,0.886,0.879,1991,Zona Norte
17,18,Tijuca. Alto da Boa Vista,70.58,96.48,95.74,838.29,0.76,0.962,0.896,0.873,1991,Zona Norte
18,19,Todos os Santos,72.92,98.09,95.72,574.31,0.799,0.973,0.833,0.868,1991,Zona Norte
19,20,Andaraí,71.76,96.55,89.33,644.69,0.779,0.941,0.853,0.858,1991,Zona Norte
20,21,Vila da Penha,72.12,98.03,94.24,491.56,0.785,0.968,0.807,0.853,1991,Zona Norte
21,22,Catete,71.76,95.01,85.47,639.09,0.779,0.918,0.851,0.85,1991,Zona Sul
22,23,Riachuelo,71.09,97.18,91.28,536.54,0.768,0.952,0.822,0.847,1991,Zona Norte
23,24,Moneró. Portuguesa,70.72,96.93,89.96,556.69,0.762,0.946,0.828,0.845,1991,Ilha do Governador
24,25,Cachambi,70.24,97.43,95.48,497.91,0.754,0.968,0.809,0.844,1991,Zona Norte
25,26,Freguesia (Jacarepaguá),70.62,96.08,87.76,584.57,0.76,0.933,0.836,0.843,1991,Zona Oeste
26,27,Pechincha,70.47,97.12,87.99,554.56,0.758,0.941,0.827,0.842,1991,Zona Oeste
27,28,Vidigal. São Conrado,67.38,91.62,74.09,1198.69,0.706,0.858,0.956,0.84,1991,Zona Sul
28,29,Vila Isabel,67.63,96.06,90.79,680.96,0.71,0.943,0.862,0.838,1991,Zona Norte
29,30,Campinho. Vila Valqueire,71.76,96.57,87.95,435.78,0.779,0.937,0.787,0.835,1991,Zona Norte
30,31,Anil,71.41,95.07,82.06,523.94,0.773,0.907,0.818,0.833,1991,Zona Oeste
31,32,Centro,70.47,96.13,80.03,495.18,0.758,0.908,0.809,0.825,1991,Centro
32,33,Higienópolis,69.02,96.98,89.12,400.62,0.734,0.944,0.773,0.817,1991,Zona Norte
33,34,Bonsucesso,70.62,93.37,82.81,446.47,0.76,0.898,0.791,0.817,1991,Zona Norte
34,35,Água Santa. Encantado,72.94,94.4,77.02,374.68,0.799,0.886,0.762,0.816,1991,Zona Norte
35,36,Vila Cosmos,72.59,97.12,79.28,312.31,0.793,0.912,0.732,0.812,1991,Zona Norte
36,37,Abolição,67.22,96.85,88.21,449.7,0.704,0.94,0.792,0.812,1991,Zona Norte
37,38,Cocotá. Bancários,69.51,94.64,85.94,407.38,0.742,0.917,0.776,0.812,1991,Ilha do Governador
38,39,Santa Teresa. Cosme Velho,68.6,94.1,75.47,540.84,0.727,0.879,0.823,0.81,1991,Zona Sul
39,40,Taquara,70.62,94.79,80.24,368.62,0.76,0.899,0.759,0.806,1991,Zona Oeste
40,41,Engenho de Dentro,67.22,95.23,86.48,417.47,0.704,0.923,0.78,0.802,1991,Zona Norte
41,42,Rio Comprido,67.74,93.99,83.62,433.54,0.712,0.905,0.786,0.801,1991,Zona Norte
42,43,Ramos,69.02,96.48,80.6,367.02,0.734,0.912,0.759,0.801,1991,Zona Norte
43,44,Olaria,69.6,95.76,80.84,351.4,0.743,0.908,0.751,0.801,1991,Zona Norte
44,45,Lins de Vasconcelos,67.74,93.56,81.4,456.57,0.712,0.895,0.795,0.801,1991,Zona Norte
45,46,Engenho Novo,67.38,94.35,79.75,438.03,0.706,0.895,0.788,0.796,1991,Zona Norte
46,47,Praça Seca,67.74,94.19,86.27,366.78,0.712,0.915,0.758,0.795,1991,Zona Norte
47,48,Ribeira. Cacuia,68.19,95.28,82.39,359.9,0.72,0.91,0.755,0.795,1991,Ilha do Governador
48,49,Freguesia,68.06,93.93,78.75,410.25,0.718,0.889,0.777,0.794,1991,Zona Oeste
49,50,Jacaré. Rocha. Sampaio,68.4,93.94,81.24,376.59,0.723,0.897,0.763,0.794,1991,Zona Norte
50,51,Engenho da Rainha,69.95,95.13,80.78,310.48,0.749,0.903,0.731,0.794,1991,Zona Norte
51,52,Zumbi. Pitangueiras. Praia da Bandeira,68.6,92.83,82.61,374.98,0.727,0.894,0.762,0.794,1991,Ilha do Governador
52,53,Quintino Bocaiúva,68.76,95.89,81.54,330.88,0.729,0.911,0.741,0.794,1991,Zona Norte
53,54,Cidade Nova. Praça da Bandeira,65.74,94.81,84.0,436.87,0.679,0.912,0.788,0.793,1991,Zona Norte
54,55,Oswaldo Cruz,69.6,95.68,83.18,290.23,0.743,0.915,0.719,0.793,1991,Zona Norte
55,56,Madureira,68.61,95.47,80.74,337.86,0.727,0.906,0.745,0.792,1991,Zona Norte
56,57,Piedade,67.38,96.06,82.44,355.52,0.706,0.915,0.753,0.792,1991,Zona Norte
57,58,Itanhangá,66.92,86.88,62.18,800.97,0.699,0.786,0.889,0.791,1991,Zona Oeste
58,59,Deodoro. Vila Militar. Campo dos Afonsos. Jardim Sulacap,70.82,95.9,78.49,272.37,0.764,0.901,0.709,0.791,1991,Zona Oeste
59,60,Pilares,69.74,95.72,80.1,294.62,0.746,0.905,0.722,0.791,1991,Zona Norte
60,61,Bento Ribeiro,69.6,95.87,81.49,280.98,0.743,0.911,0.714,0.789,1991,Zona Norte
61,62,Recreio dos Bandeirantes. Grumari,68.78,84.41,68.47,614.44,0.73,0.791,0.845,0.788,1991,Zona Oeste
62,63,Tanque,67.74,94.19,78.63,353.53,0.712,0.89,0.752,0.785,1991,Zona Oeste
63,64,Estácio,69.95,92.48,73.25,328.58,0.749,0.861,0.74,0.783,1991,Centro
64,65,Penha Circular,66.57,95.05,81.69,345.12,0.693,0.906,0.748,0.782,1991,Zona Norte
65,66,Maria da Graça. Del Castilho,66.9,94.67,81.34,332.67,0.698,0.902,0.742,0.781,1991,Zona Norte
66,67,Brás de Pina,67.38,95.3,83.15,294.81,0.706,0.913,0.722,0.78,1991,Zona Norte
67,68,Jardim América,68.19,95.11,81.67,277.04,0.72,0.906,0.712,0.779,1991,Zona Norte
68,69,Jardim Carioca,66.68,94.12,75.11,359.83,0.695,0.878,0.755,0.776,1991,Ilha do Governador
69,70,Cascadura,67.74,94.11,78.3,302.19,0.712,0.888,0.726,0.776,1991,Zona Norte
70,71,Paquetá,68.19,91.89,75.01,332.42,0.72,0.863,0.742,0.775,1991,Ilha de Paquetá
71,72,Parque Anchieta,69.11,95.13,79.19,243.53,0.735,0.898,0.69,0.774,1991,Zona Norte
72,73,São Cristóvão. Vasco da Gama,66.65,93.82,77.28,324.48,0.694,0.883,0.738,0.772,1991,Zona Norte
73,74,Coelho Neto,68.69,95.33,76.88,247.99,0.728,0.892,0.693,0.771,1991,Zona Norte
74,75,Curicica,68.22,94.41,76.65,255.61,0.72,0.885,0.698,0.768,1991,Zona Oeste
75,76,Tomás Coelho,66.6,94.51,84.03,252.46,0.693,0.91,0.696,0.767,1991,Zona Norte
76,77,Inhaúma,67.93,93.72,75.51,260.46,0.715,0.877,0.701,0.764,1991,Zona Norte
77,78,Turiaçu,67.93,93.92,74.5,263.45,0.715,0.874,0.703,0.764,1991,Zona Norte
78,79,Rocha Miranda,68.33,94.94,75.96,232.86,0.722,0.886,0.683,0.764,1991,Zona Norte
79,80,Tauá,66.62,89.95,77.97,322.59,0.694,0.86,0.737,0.763,1991,Ilha do Governador
80,81,Guadalupe,66.92,95.51,78.82,246.39,0.699,0.899,0.692,0.763,1991,Zona Norte
81,82,Benfica,68.6,91.4,71.98,269.77,0.727,0.849,0.707,0.761,1991,Zona Norte
82,83,Cavalcanti. Engenheiro Leal. Vaz Lobo,67.05,95.1,78.85,226.67,0.701,0.897,0.678,0.759,1991,Zona Norte
83,84,Penha,65.57,93.39,75.57,299.1,0.676,0.875,0.724,0.758,1991,Zona Norte
84,85,Pavuna,67.18,93.73,74.44,233.91,0.703,0.873,0.683,0.753,1991,Zona Norte
85,86,Campo Grande,65.77,93.31,77.54,252.69,0.679,0.881,0.696,0.752,1991,Zona Oeste
86,87,Marechal Hermes,64.35,94.55,79.65,264.47,0.656,0.896,0.704,0.752,1991,Zona Norte
87,88,Saúde. Gamboa. Santo Cristo,66.92,92.04,70.67,269.06,0.699,0.849,0.707,0.752,1991,Zona Portuária
88,89,Ricardo de Albuquerque,66.62,94.52,76.21,218.11,0.694,0.884,0.672,0.75,1991,Zona Norte
89,90,Realengo,65.79,94.19,76.39,237.95,0.68,0.883,0.686,0.749,1991,Zona Oeste
90,91,Magalhães Bastos,66.13,93.91,74.11,229.96,0.685,0.873,0.681,0.746,1991,Zona Oeste
91,92,Galeão. Cidade Universitária,64.61,92.87,76.24,260.33,0.66,0.873,0.701,0.745,1991,Ilha do Governador
92,93,Catumbi,64.93,92.58,76.94,250.59,0.666,0.874,0.695,0.745,1991,Centro
93,94,Padre Miguel,67.3,93.28,70.79,212.23,0.705,0.858,0.667,0.743,1991,Zona Oeste
94,95,Senador Vasconcelos,66.62,91.88,74.82,215.53,0.694,0.862,0.67,0.742,1991,Zona Oeste
95,96,Bangu,65.64,93.01,74.43,217.91,0.677,0.868,0.672,0.739,1991,Zona Oeste
96,97,Vista Alegre. Irajá,57.04,96.73,83.62,353.93,0.534,0.924,0.752,0.737,1991,Zona Norte
97,98,Mangueira. São Francisco Xavier,64.46,89.52,71.36,276.58,0.658,0.835,0.711,0.735,1991,Zona Norte
98,99,Honório Gurgel,64.69,94.03,70.92,225.3,0.662,0.863,0.677,0.734,1991,Zona Norte
99,100,Cordovil,64.46,93.49,73.64,218.69,0.658,0.869,0.672,0.733,1991,Zona Norte
100,101,Vicente de Carvalho,64.46,91.53,72.74,238.81,0.658,0.853,0.687,0.732,1991,Zona Norte
101,102,Anchieta,65.45,93.24,71.04,189.64,0.674,0.858,0.648,0.727,1991,Zona Norte
102,103,Jacarepaguá,64.92,86.09,66.03,282.48,0.665,0.794,0.715,0.725,1991,Zona Oeste
103,104,Santíssimo,64.93,91.78,74.26,184.52,0.666,0.859,0.644,0.723,1991,Zona Oeste
104,105,Senador Camará,64.32,90.31,67.96,188.38,0.655,0.829,0.647,0.71,1991,Zona Oeste
105,106,Colégio,62.87,90.57,66.15,219.45,0.631,0.824,0.673,0.709,1991,Zona Norte
106,107,Camorim. Vargem Pequena. Vargem Grande,62.37,84.04,61.33,327.36,0.623,0.765,0.739,0.709,1991,Zona Oeste
107,108,Sepetiba,63.67,90.67,65.54,193.12,0.645,0.823,0.651,0.706,1991,Zona Oeste
108,109,Parada de Lucas,62.93,89.6,67.65,204.22,0.632,0.823,0.661,0.705,1991,Zona Norte
109,110,Cosmos,64.5,91.04,64.74,162.91,0.658,0.823,0.623,0.701,1991,Zona Oeste
110,111,Gardênia Azul,63.19,86.26,71.13,196.17,0.637,0.812,0.654,0.701,1991,Zona Oeste
111,112,Vigário Geral,62.51,92.28,66.0,176.96,0.625,0.835,0.637,0.699,1991,Zona Norte
112,113,Paciência,62.84,91.77,69.18,156.33,0.631,0.842,0.616,0.696,1991,Zona Oeste
113,114,Inhoaíba,62.37,90.35,67.6,175.98,0.623,0.828,0.636,0.695,1991,Zona Oeste
114,115,Cidade de Deus,62.51,90.34,65.16,174.08,0.625,0.819,0.634,0.693,1991,Zona Oeste
115,116,Santa Cruz,62.49,90.26,66.16,170.16,0.625,0.822,0.63,0.692,1991,Zona Oeste
116,117,Caju,64.93,82.73,64.06,187.79,0.666,0.765,0.647,0.692,1991,Zona Portuária
117,118,Costa Barros,61.76,90.02,64.77,182.72,0.613,0.816,0.642,0.69,1991,Zona Norte
118,119,Barros Filho,64.03,87.27,64.94,157.4,0.65,0.798,0.617,0.689,1991,Zona Norte
119,120,Guaratiba. Barra de Guaratiba. Pedra de Guaratiba,62.37,87.55,64.59,168.54,0.623,0.799,0.629,0.683,1991,Zona Oeste
120,121,Jacarezinho,62.32,86.87,64.61,157.13,0.622,0.794,0.617,0.678,1991,Zona Norte
121,122,Rocinha,65.15,81.49,54.47,170.57,0.669,0.725,0.631,0.675,1991,Zona Sul
122,123,Manguinhos,62.32,85.92,62.98,157.26,0.622,0.783,0.617,0.674,1991,Zona Norte
123,124,Maré,62.71,83.31,60.57,156.26,0.628,0.757,0.616,0.667,1991,Zona Norte
124,125,Complexo do Alemão,62.36,83.6,56.52,144.01,0.623,0.746,0.602,0.657,1991,Zona Norte
125,126,Acari. Parque Colúmbia,60.29,86.21,60.57,147.17,0.588,0.777,0.606,0.657,1991,Zona Norte
126,1,Gávea,80.45,98.08,118.13,2139.56,0.924,0.987,1.0,0.97,2000,Zona Sul
127,2,Leblon,79.47,99.01,105.18,2441.28,0.908,0.993,1.0,0.967,2000,Zona Sul
128,3,Jardim Guanabara,80.47,98.92,111.15,1316.86,0.924,0.993,0.972,0.963,2000,Ilha do Governador
129,4,Ipanema,78.68,98.78,107.98,2465.45,0.895,0.992,1.0,0.962,2000,Zona Sul
130,5,Lagoa,77.91,99.46,115.26,2955.29,0.882,0.996,1.0,0.959,2000,Zona Sul
131,6,Flamengo,77.91,99.28,119.08,1781.71,0.882,0.995,1.0,0.959,2000,Zona Sul
132,7,Humaitá,77.91,99.28,122.2,1830.65,0.882,0.995,1.0,0.959,2000,Zona Sul
133,8,Joá. Barra da Tijuca,77.84,99.38,110.09,2488.47,0.881,0.996,1.0,0.959,2000,Zona Oeste
134,9,Laranjeiras,77.84,98.74,115.98,1679.22,0.881,0.992,1.0,0.957,2000,Zona Sul
135,10,Jardim Botânico,77.84,98.71,104.89,1952.77,0.881,0.991,1.0,0.957,2000,Zona Sul
136,11,Copacabana,77.78,98.48,107.54,1623.42,0.88,0.99,1.0,0.956,2000,Zona Sul
137,12,Leme,77.47,98.75,112.07,1713.89,0.875,0.992,1.0,0.955,2000,Zona Sul
138,13,Botafogo. Urca,78.25,98.46,113.01,1376.47,0.888,0.99,0.979,0.952,2000,Zona Sul
139,14,Maracanã,77.91,98.91,113.97,1206.73,0.882,0.993,0.957,0.944,2000,Zona Norte
140,15,Glória,77.37,99.06,114.55,1183.28,0.873,0.994,0.954,0.94,2000,Zona Sul
141,16,Grajaú,77.84,97.9,107.0,1134.93,0.881,0.986,0.947,0.938,2000,Zona Norte
142,17,Méier,77.37,99.01,108.63,1000.16,0.873,0.993,0.926,0.931,2000,Zona Norte
143,18,Tijuca. Alto da Boa Vista,75.04,98.02,107.38,1204.61,0.834,0.987,0.957,0.926,2000,Zona Norte
144,19,Todos os Santos,77.91,98.55,108.2,825.91,0.882,0.99,0.894,0.922,2000,Zona Norte
145,20,Anil,77.15,97.3,101.85,768.26,0.869,0.982,0.882,0.911,2000,Zona Oeste
146,21,Vila da Penha,77.64,98.79,103.71,669.34,0.877,0.992,0.859,0.909,2000,Zona Norte
147,22,Andaraí,74.99,98.05,103.85,897.07,0.833,0.987,0.908,0.909,2000,Zona Norte
148,23,Riachuelo,76.44,98.31,102.75,715.92,0.857,0.989,0.87,0.905,2000,Zona Norte
149,24,Campinho. Vila Valqueire,77.47,97.86,96.69,684.94,0.875,0.975,0.863,0.904,2000,Zona Norte
150,25,Moneró. Portuguesa,76.43,97.21,100.52,730.4,0.857,0.981,0.873,0.904,2000,Ilha do Governador
151,26,Catete,74.99,96.65,100.4,822.22,0.833,0.978,0.893,0.901,2000,Zona Sul
152,27,Vila Isabel,73.46,97.16,100.89,931.25,0.808,0.981,0.914,0.901,2000,Zona Norte
153,28,Cachambi,75.7,98.14,102.23,709.05,0.845,0.988,0.868,0.9,2000,Zona Norte
154,29,Pechincha,75.67,97.72,97.92,751.28,0.844,0.978,0.878,0.9,2000,Zona Oeste
155,30,Freguesia (Jacarepaguá),75.07,97.46,98.82,766.82,0.834,0.979,0.882,0.898,2000,Zona Oeste
156,31,Recreio dos Bandeirantes. Grumari,72.55,95.03,91.75,1166.18,0.793,0.939,0.952,0.894,2000,Zona Oeste
157,32,Centro,76.12,97.58,99.24,633.36,0.852,0.981,0.85,0.894,2000,Centro
158,33,Higienópolis,74.06,97.46,100.28,614.41,0.818,0.983,0.845,0.882,2000,Zona Norte
159,34,Santa Teresa. Cosme Velho,74.06,96.14,92.6,701.19,0.818,0.95,0.867,0.878,2000,Zona Sul
160,35,Água Santa. Encantado,76.21,97.48,95.65,496.66,0.853,0.969,0.809,0.877,2000,Zona Norte
161,36,Taquara,76.21,96.53,92.28,544.29,0.853,0.951,0.824,0.876,2000,Zona Oeste
162,37,Vila Cosmos,77.2,97.58,89.46,498.82,0.87,0.949,0.81,0.876,2000,Zona Norte
163,38,Vidigal. São Conrado,71.12,94.76,82.0,1131.47,0.769,0.905,0.946,0.873,2000,Zona Sul
164,39,Cidade Nova. Praça da Bandeira,72.05,96.29,96.84,640.31,0.784,0.965,0.851,0.867,2000,Zona Norte
165,40,Bonsucesso,74.7,95.72,86.94,552.99,0.828,0.928,0.827,0.861,2000,Zona Norte
166,41,Cocotá. Bancários,74.06,96.48,91.67,518.28,0.818,0.949,0.816,0.861,2000,Ilha do Governador
167,42,Maria da Graça. Del Castilho,72.66,98.35,95.47,505.4,0.794,0.974,0.812,0.86,2000,Zona Norte
168,43,Ribeira. Cacuia,72.85,96.48,95.37,527.2,0.797,0.961,0.819,0.859,2000,Ilha do Governador
169,44,Lins de Vasconcelos,72.73,95.54,92.3,583.35,0.795,0.945,0.836,0.859,2000,Zona Norte
170,45,Engenho Novo,72.37,96.29,93.33,573.33,0.789,0.953,0.833,0.858,2000,Zona Norte
171,46,Zumbi. Pitangueiras. Praia da Bandeira,73.53,96.9,91.34,517.83,0.809,0.95,0.816,0.858,2000,Ilha do Governador
172,47,Ramos,73.94,97.13,88.7,508.76,0.816,0.943,0.813,0.857,2000,Zona Norte
173,48,Engenho de Dentro,72.66,96.67,92.77,536.54,0.794,0.954,0.822,0.857,2000,Zona Norte
174,49,Abolição,73.28,97.07,95.69,467.23,0.805,0.966,0.799,0.857,2000,Zona Norte
175,50,Deodoro. Vila Militar. Campo dos Afonsos. Jardim Sulacap,73.59,97.75,93.26,462.13,0.81,0.963,0.797,0.856,2000,Zona Oeste
176,51,Oswaldo Cruz,73.59,97.75,94.12,441.34,0.81,0.965,0.789,0.855,2000,Zona Norte
177,52,Olaria,73.87,96.93,90.95,460.31,0.814,0.949,0.796,0.853,2000,Zona Norte
178,53,Bento Ribeiro,75.05,97.95,88.15,399.85,0.834,0.947,0.773,0.851,2000,Zona Norte
179,54,Piedade,72.66,97.08,95.51,447.64,0.794,0.966,0.792,0.85,2000,Zona Norte
180,55,Quintino Bocaiúva,73.91,96.8,91.97,424.67,0.815,0.952,0.783,0.85,2000,Zona Norte
181,56,Rio Comprido,70.28,97.0,92.6,590.26,0.755,0.955,0.838,0.849,2000,Zona Norte
182,57,Praça Seca,71.7,96.18,91.79,498.32,0.778,0.947,0.81,0.845,2000,Zona Norte
183,58,Jardim América,72.66,97.03,87.72,426.12,0.794,0.939,0.783,0.839,2000,Zona Norte
184,59,Jacaré. Rocha. Sampaio,70.64,95.9,90.65,513.62,0.761,0.941,0.815,0.839,2000,Zona Norte
185,60,Freguesia,70.28,95.23,89.35,557.35,0.755,0.933,0.828,0.839,2000,Zona Oeste
186,61,Jardim Carioca,72.66,95.97,86.23,436.33,0.794,0.927,0.787,0.836,2000,Ilha do Governador
187,62,Engenho da Rainha,73.36,96.93,89.2,362.62,0.806,0.944,0.757,0.835,2000,Zona Norte
188,63,Brás de Pina,72.66,96.45,88.41,397.15,0.794,0.938,0.772,0.835,2000,Zona Norte
189,64,São Cristóvão. Vasco da Gama,72.27,95.44,89.08,412.39,0.788,0.933,0.778,0.833,2000,Zona Norte
190,65,Cascadura,72.15,95.97,86.35,428.76,0.786,0.928,0.785,0.833,2000,Zona Norte
191,66,Parque Anchieta,73.71,96.31,87.17,355.31,0.812,0.933,0.753,0.833,2000,Zona Norte
192,67,Madureira,70.97,96.81,90.42,419.81,0.766,0.947,0.781,0.831,2000,Zona Norte
193,68,Pilares,72.55,96.79,86.05,389.81,0.793,0.932,0.769,0.831,2000,Zona Norte
194,69,Tanque,71.49,95.95,86.87,439.87,0.775,0.929,0.789,0.831,2000,Zona Oeste
195,70,Estácio,73.71,94.09,80.82,413.05,0.812,0.897,0.778,0.829,2000,Centro
196,71,Curicica,72.57,96.15,88.33,362.72,0.793,0.935,0.757,0.828,2000,Zona Oeste
197,72,Penha Circular,71.15,96.23,83.38,444.77,0.769,0.919,0.791,0.826,2000,Zona Norte
198,73,Benfica,73.59,94.5,81.35,376.65,0.81,0.901,0.763,0.825,2000,Zona Norte
199,74,Paquetá,74.06,94.22,67.66,457.61,0.818,0.854,0.795,0.822,2000,Ilha de Paquetá
200,75,Itanhangá,70.28,91.44,74.3,650.96,0.755,0.857,0.854,0.822,2000,Zona Oeste
201,76,Tauá,71.24,93.2,83.99,416.19,0.771,0.901,0.78,0.817,2000,Ilha do Governador
202,77,Rocha Miranda,70.99,96.62,87.07,338.1,0.766,0.934,0.745,0.815,2000,Zona Norte
203,78,Marechal Hermes,70.11,96.09,87.78,366.28,0.752,0.933,0.758,0.814,2000,Zona Norte
204,79,Turiaçu,70.11,97.37,87.15,336.57,0.752,0.94,0.744,0.812,2000,Zona Norte
205,80,Guadalupe,70.11,97.27,85.58,336.89,0.752,0.934,0.744,0.81,2000,Zona Norte
206,81,Inhaúma,70.64,96.39,86.56,324.3,0.761,0.931,0.738,0.81,2000,Zona Norte
207,82,Campo Grande,69.8,95.98,87.42,351.11,0.747,0.931,0.751,0.81,2000,Zona Oeste
208,83,Cavalcanti. Engenheiro Leal. Vaz Lobo,70.41,96.29,84.68,328.64,0.757,0.924,0.74,0.807,2000,Zona Norte
209,84,Ricardo de Albuquerque,70.97,96.42,89.06,283.0,0.766,0.94,0.715,0.807,2000,Zona Norte
210,85,Coelho Neto,70.86,96.88,84.77,299.89,0.764,0.928,0.725,0.806,2000,Zona Norte
211,86,Padre Miguel,70.11,95.72,87.21,313.85,0.752,0.929,0.732,0.804,2000,Zona Oeste
212,87,Penha,69.59,95.12,82.23,373.05,0.743,0.908,0.761,0.804,2000,Zona Norte
213,88,Honório Gurgel,69.88,96.56,88.09,303.98,0.748,0.937,0.727,0.804,2000,Zona Norte
214,89,Realengo,69.63,95.97,87.44,316.41,0.744,0.931,0.734,0.803,2000,Zona Oeste
215,90,Senador Vasconcelos,69.68,95.88,88.68,302.44,0.745,0.935,0.726,0.802,2000,Zona Oeste
216,91,Tomás Coelho,69.88,95.89,83.8,325.92,0.748,0.919,0.739,0.802,2000,Zona Norte
217,92,Magalhães Bastos,68.9,95.72,90.24,318.03,0.732,0.939,0.735,0.802,2000,Zona Oeste
218,93,Catumbi,69.6,95.81,85.41,324.83,0.743,0.923,0.738,0.802,2000,Centro
219,94,Mangueira. São Francisco Xavier,68.34,94.2,88.51,357.43,0.722,0.923,0.754,0.8,2000,Zona Norte
220,95,Vista Alegre. Irajá,62.81,98.08,92.99,473.39,0.63,0.964,0.801,0.798,2000,Zona Norte
221,96,Bangu,69.78,95.45,82.95,296.55,0.746,0.913,0.723,0.794,2000,Zona Oeste
222,97,Saúde. Gamboa. Santo Cristo,70.28,94.21,77.52,320.57,0.755,0.886,0.736,0.792,2000,Zona Portuária
223,98,Cordovil,68.32,95.83,87.92,290.49,0.722,0.932,0.72,0.791,2000,Zona Norte
224,99,Pavuna,69.27,95.96,82.51,286.38,0.738,0.915,0.717,0.79,2000,Zona Norte
225,100,Anchieta,68.9,95.65,84.75,278.18,0.732,0.92,0.712,0.788,2000,Zona Norte
226,101,Santíssimo,69.36,95.04,80.94,256.08,0.739,0.903,0.698,0.78,2000,Zona Oeste
227,102,Galeão. Cidade Universitária,67.79,93.92,80.64,300.31,0.713,0.895,0.725,0.778,2000,Ilha do Governador
228,103,Vicente de Carvalho,67.51,93.79,78.52,296.63,0.709,0.887,0.723,0.773,2000,Zona Norte
229,104,Jacarepaguá,67.51,90.18,77.14,331.44,0.709,0.858,0.742,0.769,2000,Zona Oeste
230,105,Senador Camará,67.39,93.63,83.67,251.09,0.707,0.903,0.695,0.768,2000,Zona Oeste
231,106,Gardênia Azul,67.79,93.78,76.4,274.68,0.713,0.88,0.71,0.768,2000,Zona Oeste
232,107,Vigário Geral,66.66,93.52,74.73,296.6,0.694,0.873,0.723,0.763,2000,Zona Norte
233,108,Colégio,67.33,94.52,74.33,262.37,0.706,0.878,0.703,0.762,2000,Zona Norte
234,109,Sepetiba,66.3,93.64,79.65,264.8,0.688,0.89,0.704,0.761,2000,Zona Oeste
235,110,Cosmos,67.51,94.86,82.17,205.9,0.709,0.906,0.662,0.759,2000,Zona Oeste
236,111,Caju,68.9,90.43,71.97,236.59,0.732,0.843,0.685,0.753,2000,Zona Portuária
237,112,Paciência,66.66,94.36,81.02,203.43,0.694,0.899,0.66,0.751,2000,Zona Oeste
238,113,Cidade de Deus,66.66,93.56,81.1,207.56,0.694,0.894,0.663,0.751,2000,Zona Oeste
239,114,Barros Filho,66.66,93.6,82.15,198.96,0.694,0.898,0.656,0.75,2000,Zona Norte
240,115,Inhoaíba,65.99,93.63,81.38,207.61,0.683,0.895,0.663,0.747,2000,Zona Oeste
241,116,Camorim. Vargem Pequena. Vargem Grande,66.3,90.8,69.28,279.09,0.688,0.836,0.713,0.746,2000,Zona Oeste
242,117,Parada de Lucas,65.35,92.38,82.15,220.27,0.672,0.89,0.673,0.745,2000,Zona Norte
243,118,Guaratiba. Barra de Guaratiba. Pedra de Guaratiba,66.66,90.74,74.37,234.37,0.694,0.853,0.684,0.744,2000,Zona Oeste
244,119,Santa Cruz,65.52,93.19,79.82,206.23,0.675,0.887,0.662,0.742,2000,Zona Oeste
245,120,Rocinha,67.33,87.9,69.5,219.95,0.706,0.818,0.673,0.732,2000,Zona Sul
246,121,Jacarezinho,66.3,92.2,75.68,177.98,0.688,0.867,0.638,0.731,2000,Zona Norte
247,122,Manguinhos,66.3,91.48,69.64,188.86,0.688,0.842,0.648,0.726,2000,Zona Norte
248,123,Maré,66.58,89.46,68.76,187.25,0.693,0.826,0.646,0.722,2000,Zona Norte
249,124,Acari. Parque Colúmbia,63.93,91.68,79.44,174.12,0.649,0.876,0.634,0.72,2000,Zona Norte
250,125,Costa Barros,63.93,91.34,74.09,175.0,0.649,0.856,0.635,0.713,2000,Zona Norte
251,126,Complexo do Alemão,64.79,89.07,72.04,177.31,0.663,0.834,0.637,0.711,2000,Zona Norte
